State,means,median
DE,90396.6,77000.0
WA,87757.7713793,87547.0
CT,87491.04,80800.0
OR,86979.8184211,89814.0
MA,81726.6310345,80009.0
CA,78296.7710966,74796.8
AR,74269.1666667,62733.0
MI,74018.7657895,72612.8
NY,73032.6847984,67205.0
DC,72896.6625,66539.0
